INSERT INTO cargos (nome) VALUES ('Professor'), ('Líder'), ('Gestor');

INSERT INTO ongs (nome, endereco, bairro, numero, cidade, estado) VALUES
('ONG Esperança nas Favelas', 'Rua da Esperança, 50', 'Favela Nova Esperança', '50', 'São Paulo', 'SP');

INSERT INTO users (nome, email, senha, cpf, id_cargo, id_ong) VALUES
('João Pedro Dias', 'joao@gmail.com', 'joao123', '111.222.333-44', 1, 1),
('Pedro Santos', 'pedro@gmail.com', 'pedro123', '555.666.777-88', 1, 1),
('Breno Souza', 'breno@gmail.com', 'breno123', '999.111.222-33', 2, 1);

INSERT INTO oficinas (nome, categoria, subcategoria, local, id_ong) VALUES
('Futebol para Todos', 'Esporte', 'Futebol', 'Quadra Comunitária', 1),
('Oficina de Música', 'Arte e Cultura', 'Música', 'Centro Comunitário', 1),
('Reforço de Matemática', 'Educação', 'Matemática', 'Escola Local', 1);

INSERT INTO turmas (nome, vagas, descricao_recorrencia, id_oficina, id_professor)
VALUES 
('Turma 1', 20, 'Aulas semanais, todas às quartas-feiras e sextas-feiras das 15h às 17h', 1, 1),
('Turma 2', 20, 'Aulas semanais, todas às quintas-feiras das 14h às 16h', 1, 1),
('Turma 1', 15, 'Aulas quinzenais, todas as segundas-feiras das 10h às 12h', 2, 1),
('Turma 2', 15, 'Aulas semanais, todas às terças-feiras das 18h às 19h', 2, 1),
('Turma 2', 10, 'Aulas semanais, todas às quartas-feiras das 10h às 12h', 3, 1),
('Turma 3', 10, 'Aulas semanais, todas às quintas-feiras das 10h às 12h', 3, 1);

INSERT INTO aulas (data, id_turma, duracao, ocorrida) VALUES
('2024-03-01 15:00', 1, 120, TRUE),
('2024-03-06 15:00', 1, 120, TRUE),
('2024-03-08 15:00', 1, 120, TRUE),
('2024-03-13 15:00', 1, 120, TRUE),
('2024-03-15 15:00', 1, 120, FALSE),
('2024-03-20 15:00', 1, 120, FALSE),
('2024-03-22 15:00', 1, 120, FALSE),
('2024-03-27 15:00', 1, 120, FALSE),
('2024-03-29 15:00', 1, 120, FALSE),
('2024-04-03 15:00', 1, 120, FALSE),
('2024-03-07 14:00', 2, 120, TRUE),
('2024-03-14 14:00', 2, 120, TRUE),
('2024-03-21 14:00', 2, 120, FALSE),
('2024-03-28 14:00', 2, 120, FALSE),
('2024-04-04 14:00', 2, 120, FALSE),
('2024-04-11 14:00', 2, 120, FALSE),
('2024-04-18 14:00', 2, 120, FALSE),
('2024-04-25 14:00', 2, 120, FALSE),
('2024-03-04 10:00', 3, 120, TRUE),
('2024-03-18 10:00', 3, 120, FALSE),
('2024-04-01 10:00', 3, 120, FALSE),
('2024-04-15 10:00', 3, 120, FALSE),
('2024-04-29 10:00', 3, 120, FALSE),
('2024-03-05 18:00', 4, 60, TRUE),
('2024-03-12 18:00', 4, 60, TRUE),
('2024-03-19 18:00', 4, 60, FALSE),
('2024-03-26 18:00', 4, 60, FALSE),
('2024-04-02 18:00', 4, 60, FALSE),
('2024-04-09 18:00', 4, 60, FALSE),
('2024-04-16 18:00', 4, 60, FALSE),
('2024-04-23 18:00', 4, 60, FALSE),
('2024-04-30 18:00', 4, 60, FALSE),
('2024-03-06 10:00', 5, 120, TRUE),
('2024-03-13 10:00', 5, 120, TRUE),
('2024-03-20 10:00', 5, 120, FALSE),
('2024-03-27 10:00', 5, 120, FALSE),
('2024-04-03 10:00', 5, 120, FALSE),
('2024-04-10 10:00', 5, 120, FALSE),
('2024-04-17 10:00', 5, 120, FALSE),
('2024-04-24 10:00', 5, 120, FALSE),
('2024-03-07 10:00', 6, 120, TRUE),
('2024-03-14 10:00', 6, 120, TRUE),
('2024-03-21 10:00', 6, 120, FALSE),
('2024-03-28 10:00', 6, 120, FALSE),
('2024-04-04 10:00', 6, 120, FALSE),
('2024-04-11 10:00', 6, 120, FALSE),
('2024-04-18 10:00', 6, 120, FALSE),
('2024-04-25 10:00', 6, 120, FALSE);


INSERT INTO alunos (nome, email, cpf, rg, estado_civil, endereco, bairro, numero, cidade, estado, telefone, celular, raca, genero, data_nasc, responsavel)
VALUES
('Maria Eduarda Silva', 'maria@gmail.com', '12345678901', '1234567', 'Solteiro(a)', 'Rua das Flores', 'Centro', '100', 'São Paulo', 'SP', '123456789', '987654321', 'Parda', 'Feminino', '2005-02-10', 'José Silva'),
('Carlos Souza', 'carlos@gmail.com', '23456789012', '2345678', 'Casado(a)', 'Rua dos Anjos', 'Vila Nova', '200', 'São Paulo', 'SP', '234567890', '876543210', 'Negra', 'Masculino', '2006-05-15', 'Ana Souza'),
('Ana Clara Santos', 'ana@gmail.com', '34567890123', '3456789', 'Solteiro(a)', 'Av. Principal', 'Jardim', '300', 'São Paulo', 'SP', '345678901', '765432109', 'Branca', 'Feminino', '2007-08-20', 'João Santos'),
('Pedro Oliveira', 'pedroo@gmail.com', '45678901234', '4567890', 'Solteiro(a)', 'Rua dos Sonhos', 'Centro', '400', 'São Paulo', 'SP', '456789012', '654321098', 'Parda', 'Masculino', '2008-11-25', 'Maria Oliveira'),
('Fernanda Lima', 'fernanda@gmail.com', '56789012345', '5678901', 'Casado(a)', 'Rua das Águas', 'Vila Nova', '500', 'São Paulo', 'SP', '567890123', '543210987', 'Branca', 'Feminino', '2009-04-30', 'Lucas Lima'),
('João Silva', 'joao.silva@gmail.com', '67890123456', '6789012', 'Casado(a)', 'Rua dos Girassóis', 'Centro', '600', 'São Paulo', 'SP', '678901234', '432109876', 'Parda', 'Masculino', '2004-03-12', 'José Silva'),
('Mariana Oliveira', 'mariana.o@gmail.com', '78901234567', '7890123', 'Solteiro(a)', 'Rua das Palmeiras', 'Vila Nova', '700', 'São Paulo', 'SP', '789012345', '321098765', 'Branca', 'Feminino', '2003-06-25', 'Ana Oliveira'),
('Paulo dos Santos', 'paulo.s@gmail.com', '89012345678', '8901234', 'Casado(a)', 'Av. Central', 'Jardim', '800', 'São Paulo', 'SP', '890123456', '210987654', 'Negra', 'Masculino', '2005-09-18', 'João Santos'),
('Juliana Teixeira Souza', 'juliana.s@gmail.com', '90123456789', '9012345', 'Solteiro(a)', 'Rua das Violetas', 'Centro', '900', 'São Paulo', 'SP', '901234567', '109876543', 'Parda', 'Feminino', '2006-12-31', 'Carlos Souza'),
('Rafael Pedroso Lima', 'rafael.l@gmail.com', '01234567890', '0123456', 'Solteiro(a)', 'Rua dos Cravos', 'Vila Nova', '1000', 'São Paulo', 'SP', '012345678', '987654321', 'Branca', 'Masculino', '2007-08-15', 'Lucas Lima');



INSERT INTO ongs_alunos (id_aluno, id_ong)
VALUES
(1, 1),
(2, 1),
(3, 1),
(4, 1),
(5, 1),
(6, 1),
(7, 1),
(8, 1),
(9, 1),
(10, 1); 

INSERT INTO turmas_alunos (id_aluno, id_turma)
VALUES
(1, 3),
(1, 4),
(1, 5),
(1, 6),
(2, 2),
(2, 5),
(2, 6),
(3, 1),
(3, 3),
(3, 4),
(4, 1),
(4, 2),
(4, 5),
(4, 6),
(5, 1),
(5, 2),
(5, 3),
(5, 4),
(5, 5),
(5, 6),
(6, 3),
(6, 6),
(7, 1),
(7, 5),
(7, 6),
(8, 1),
(8, 4),
(9, 1),
(9, 2),
(9, 3),
(9, 4),
(10, 2),
(10, 3),
(10, 4),
(10, 6);

INSERT INTO presencas (presente, id_aluno, id_aula) VALUES
(true, 3, 1),
(false, 4, 1),
(true, 5, 1),
(false, 7, 1),
(false, 8, 1),
(true, 9, 1),
(false, 3, 2),
(false, 4, 2),
(true, 5, 2),
(true, 7, 2),
(true, 8, 2),
(true, 9, 2),
(true, 3, 3),
(true, 4, 3),
(true, 5, 3),
(true, 7, 3),
(false, 8, 3),
(true, 9, 3),
(true, 3, 4),
(true, 4, 4),
(true, 5, 4),
(true, 7, 4),
(true, 8, 4),
(true, 9, 4),
(false, 2, 11),
(false, 4, 11),
(true, 5, 11),
(true, 9, 11),
(false, 10, 11),
(true, 2, 12),
(true, 4, 12),
(true, 5, 12),
(true, 9, 12),
(false, 10, 12),
(true, 1, 19),
(true, 3, 19),
(true, 5, 19),
(false, 6, 19),
(true, 9, 19),
(false, 10, 19),
(true, 1, 24),
(false, 3, 24),
(true, 5, 24),
(true, 8, 24),
(true, 9, 24),
(false, 10, 24),
(false, 1, 25),
(true, 3, 25),
(false, 5, 25),
(true, 8, 25),
(false, 9, 25),
(true, 10, 25),
(false, 1, 33),
(false, 2, 33),
(true, 4, 33),
(true, 5, 33),
(true, 7, 33),
(true, 1, 34),
(true, 2, 34),
(true, 4, 34),
(true, 5, 34),
(true, 7, 34),
(true, 1, 41),
(false, 2, 41),
(true, 4, 41),
(true, 5, 41),
(false, 6, 41),
(true, 7, 41),
(false, 10, 41),
(true, 1, 42),
(true, 2, 42),
(true, 4, 42),
(true, 5, 42),
(false, 6, 42),
(true, 7, 42),
(true, 10, 42);
